index;username;province;city
0;Bjh;;
1;Wino;;
2;Bama Mom;;
3;Av Dub;;
4;Chelseamay;;Overland Park
5;Candib;;
6;Littlebit;;Athens
7;Condor9;;
8;Proberts43;;
9;Dsalano;;Jacksonville
10;California Lawyer;;Brea
11;Shelly;;Warren
12;Cuttytz;;
15;Taloma715;;Houston
16;Marenghi;;
17;Jent;;
18;Que;;Washington
19;Fabrizio;;
20;Tunia;;
21;Rfagent;;San Diego
22;Winegirlie;;
23;Mike;;Strum
24;Sherman;;Highland
25;Usababe;;
26;Beertastic;;
27;Tf37;;
28;Ccc4038;;
29;;;Hawthorne
30;Trinettenp;;Abbeville
31;Tammy;MI;
32;Lstennisgirl;;
33;Kymmie;;
34;E Fro;;
35;Barquet;;
36;Tatip;;
37;Michael;;Freeport
38;Bunni;;Alexandria
39;Ruthi;;San Diego
40;Sachris;;Tampa
41;Stephi33;;Vegas
42;Steve;;Miami
44;Katc;;
45;Disneygirl;;
46;Omobelle74;;
47;Sally;;Cleveland
48;Mrsk;;
49;Saintpaulgirl;;
50;Yogi;;San Diego
52;Miss Noel;;Redwood City
53;Nancy;;St. Petersburg
54;Stacycakes;;Cedar Park
55;Mamar;;
57;Barranca;;San Jose
58;Vl0663;;
59;Ms Libra;;Carmichael
60;Hellerew;;St. Louis
61;Emcq;;
62;Gigerina;;San Lorenzo
63;Victor;;Walnut Creek
64;ByRussell Graves;;
65;Chiqueen;;
66;Kchoola;;
67;JPOsterman;;
68;Doug;;
69;Awnry;;
70;ElCee;;
71;Veteran82;;Winchester
72;Jimmy Apple Beam;;
73;Ms K;;
74;Ed real Tauk Smith;;Van Nuys
75;Tj;MD;Annapolis
76;Planner Jim;;
77;Dim;;
78;ERIC;;
79;Red;;
80;Grar Ulv;;
81;The handle;;
82;Keith;;
83;Jojo likes Jim;;
84;Rddymk;;
85;Ronald J. T.;;
86;Jim;;
87;GODSMACKER;;
88;Buffalo;;
89;Tommy;;
90;KayMrsM;;
91;boome;;
92;Eric;;
94;Papo;;Affton
95;Bambi;;
96;Condo Rondo;;Milwaukee
97;Matas;;Chicago
98;Burbon Patriot;;Boston
99;Luke;;
100;Extradry1;;
101;Annette;;
102;Budzilla;;Youngsville
103;Bri;;
104;Jfs;;
105;JFS;;
106;Kevin;;
107;Jer53;;
108;Pinnacle King;;
109;Lobo Dan;;
110;Hey Al;;Riverhead
111;Dk;;
112;Jimmy Boy;;
113;Tophat;;Breezewood
114;Alohakido;;Kona
115;Gj;CA;
116;karen;;
117;Saffeldt;;
118;Pat;;
119;Terry;;
120;natp;;
121;PAMID7;;
122;bkpog10;;
123;John;;
124;Tiff;;New Orleans
125;Leelee;;
126;Zach;;Alexandria
127;Deidera;;
128;Joe;;
129;mrjackalope;;
130;Tom;;
131;Happy Customer;;Vancouver
132;Luis;;Bakersfield
133;Caette;;
134;Jean L;;
135;I. Greenelsh;;
136;george;;
137;T. Powell;;
138;Laura L. King;;
139;N. Gillispie;;
140;Katy Hannah;;
141;phoongdan;;
142;LuckyNock;;
143;jan;;
144;Laura;;Byron
145;Stl;;Leesburg
146;Matt;;Marquette
147;Dakotakid123;;
148;Consterese;;
149;Srtinney;;Birmingham
151;Pooky;;Glasgow
170;Bigpoidog;;
171;scubajack;;
172;Tania;;
173;JT;;
174;Count;;
175;Molly;;
176;Bc;;
177;Nicole The Flavored Vodka Connoisseur;MN;Twin Valley
178;Nae smiles;;
179;Nae Smiles;;Virginia Beach
180;Big Mike;;Collinsville
181;Big mike;;
182;Gtrader;;New City
184;Juju;;Walterboro
185;Devil Smoked;;
187;Simp;;Nacogdoches
188;Scotchman;;
189;Mato Davis;;
190;Buckpasser;;
191;Coinrat;;
192;Bull Elk;;
193;Hugh;;
194;Burnsy;;
195;Bloom;;
196;J.Bass;;
197;Mech51;;
198;webby;;
199;Trainguy1;;
200;Lorilee;;
202;HonestBob;;
203;Chris;;
204;RgrsG;;
209;KWMUSIC;;
210;Sissy;WV;
211;TallGrl11;;
212;Gillman69;;
213;Ktabr;;
214;mdeck11;;
215;Lindsey;;
216;Cathezz;;
217;BakoBrian;;
218;Mikicat;;
219;SJB17;;
220;rls08;;
221;winegirl16;;
222;Reprob8;;
223;Chewbacca;;
224;Jeramy92;UT;
225;Sophie63;;
229;Sigar;;
230;nance;;
231;jrpag;;
232;Sweetlisa;;Owensboro
233;Black Smell;FL;Palmetto
234;Prettyeyz;;Atlanta
235;Hannah;;York
236;Tater;;Eagle Rock
237;My Top Favs;;
238;SAL;;
239;Ozarkadian;;Ozark
240;Test;;
241;ven;;
242;I like liquor;;
243;boo;;
244;B-rad;;
245;Ven;;
246;I Like Liquor;;
247;Sab;;Oak Hill
248;patcardwell;;
249;nhtkd;;
250;Huh;;
251;Darrell;;
252;Bookwormish;;
253;didi;;
254;Kenton;;Los Angeles
255;JACQUELINESUSANN;;
256;tj;;
264;okmac;;
265;Poppuricia;;
266;AD4;;
267;Melissa;;New Orleans
268;MileHighShopper;;
269;Dotlee65;;
270;Sdrobin;;
271;ocean0218;;
272;Nkher;;
273;Mj;;
274;MsJ;;
275;BBjackson;;
276;Angela;AZ;
277;Micah;;Sherwood
278;Drew42;;
279;Lath;;
280;Cheryl;;
281;CPhelps;;
282;Someone;;
284;mesquivel;;
285;Cjkingc;;
286;702cuellar;;
287;ramsze801;;
288;T. Flynn;;
289;JLK;;
290;Wish Upon A Star;;
291;David M. Leal;;
292;R. Siegfried;;
293;Diane;;
294;Lauren Maczka;;
295;JKCR;;
296;pecolua61972;;
297;Andrew;;
298;Laura Butterfield;;
299;Dorothea Berry;;
301;dhavens;;
302;Cameron E;;
303;Aleksandra Ambrozy;;
304;Aww;;
305;6643;;
306;Hm;;
307;Nikki;;
308;HolyToledo2;;
309;1385;;
310;tequilagal;;
311;An anonymous customer;;
312;Jekkatrina;;
313;nolapas711;;
314;CAR1921;;
315;Mlight;;
316;WindSun;;
317;Bevs;;
318;Rich;;
319;Twister6886;;
320;fancy;;
321;CaliCutie;;
323;Tibby61;;
324;Marley;;
325;Becca;;
326;Tamasena;;
328;janiepurr;;
329;tinalambert;;
349;Marilyn K;;
350;ElChapo;;
351;mshollywood;;
352;Rhonda;;
354;Patrick;;
355;Ajrose;;
356;Sarah;;
357;Cocktailguru;;
358;Dean;;
359;Christine;;
360;MamaG;;
361;AbeLincoln;;
362;Dress;;
363;rvrv;;
364;Jill;;
365;Nicole;;
366;Felicia;;
367;KocktailKev;;
368;RonV;;
369;Drinker1;;
370;AmyS;;
371;Cookie;;
372;cfitzy17;;
373;AlexFrancoise;;
374;Robert;;
375;Pamela;;
376;Marc;;
378;Avsa;;
379;Lisa;;
381;Camille;;
382;TheGoodGuy;;
383;BobL317;;
384;dansgro;;
385;Vick;;
386;Scampi;;
387;Clide;;
388;MontanaDreamer;;
389;kmom;;
390;colonelslady;;
391;Timmy;;
392;Releona;;
393;Swangey;;
394;Hansen;;
395;Julie;;
396;AJ65;;
397;GrMaJah;;
398;d108;;
399;jmeleigh923;;
400;Debs;;
401;TAR1963;;
402;tinker3052;;
403;Biil;;
404;AshleyL;;
405;Jbowone;;
407;JenT;;
408;JoJo;;
409;will;;
410;LaDean;;
411;Twana;;
412;Dave;;
413;Debi605;;
414;ooohhh;;
415;Troy8;;
416;DadandUncleCharlie;;
417;Awesome;;
418;DanaJ;;
419;Aimee;;
420;Candi;;
421;Mopower;;
422;Lala;;
423;Joedrinks;;
424;MrsClean;;
445;Angrychair;;
446;Pete;;
447;Morrissey33;;
448;Dpooler;;
462;IKnowGoodStuff;;
463;theguywhoreviewsstuff;;
464;Anaycca;;
465;Jilly;;
466;Bootleggers;;
467;CheekyLaLaMama;;
468;madcatter;;
470;Sophie2;;
471;Woodlands;;
472;BluegrassLover;;
473;MarvelMottsMema;;
474;KimR;;
475;moneymiser4now;;
476;Sonia;;
477;Louise;;
489;Bud;;
490;LISA P;;
491;berta;;
492;LaughandLob;;
493;sandy610;;
494;Vearley;;
495;ANGELA Y;;
496;Courtneyz;;Tuscaloosa
497;Richard;;Columbia
498;Jazmin1120;;Tampa
499;Jay Jasso;;
500;Andre;;
501;Bonnie 13;;
502;Rocannon34;;
503;Karenctu;;
504;Harold;;
505;Brett;;
506;Stevek;;
507;Tom johnston;;
508;ceeney;;
509;Donna Saner;;
510;Terry677;;
511;Mikes;;
512;L C Hopp;;
513;COOKIEMAN1;;
514;Mauijan;;
515;Joe32;;
516;Harley;;
517;Abigfan;;
518;mendyp;;
519;Enrique casillas;;
520;Bob1;;
521;jazmin1120;;
522;Phil AZ;;
523;horseman1951;;
524;Irishcass;;
525;elaine m;;
526;okok;;
527;Gorgo1949;;
528;RANGEL156;;
529;jinxg;;
530;keiths;;
531;Ekotil;;
532;jerry;;
533;Anna;;
534;Zeke;;
535;Angy979;;
536;Depotman0;;
537;Jerry Brandt;;
538;ohioliz;;
539;Ren106;;
540;IllinoisArtGuy;;
541;Greg;;
542;Shorty169;;
543;Leroy;;
544;Terse;;
545;northof7;;
546;MomOf4nMore;;
548;Bbley;;
549;Gaga;;
550;tess;;
551;MaltaScott;;
552;Dec-63;;
553;Nature;;
554;maryp61;;
555;Blackbird;;
556;tarocks;;
557;1loloblonde;;
558;Good;;
559;Phil Az;;Phoenix
560;Patricia Ann Busby;;
561;rrossKY;;
562;summer fun;;
563;David P;;
565;wearydad Butch;;
566;Eric Hofmann;;
567;kspahr;;
568;Richard Albanese;;
569;Robert W. Weibel;;
570;MussSyke;;
571;Peggy F. Moseley;;
572;Bill Terry;;
573;Arkay;;
574;Butch in MLT;;
575;Neil;;
576;ccook;;
577;BigJoJo;;
578;Mouseyt;;
579;JazzyJim;;
580;Lexi;;
581;Rowan;;
582;Darezel;;
583;Wiigramma;;
584;Rudrox;;
585;Molly12799;;
597;fsumommy;;
598;Lisad;;
599;brew;;
601;Debb;;
602;Lori;;
603;Curtis C;;
604;Yumm;;
605;Splash60;;
606;Lindag;;
607;Diamond;;
608;TheCleaner;;
609;denny;;
610;Sherbear;;
611;Pinkmist;;
612;JRJames;;
613;SUEZANNE;;
614;booboocupcake;;
615;Cristy;;
616;BECK;;
617;MISTAt;;
618;Willy;;
619;Ruth;;
620;BooBoo7;;
621;cekent;;
622;lapper1;;
623;GeauxTurk;;
624;Delicious heat;;
625;WILLIAM OCCAM;;
626;racin jason;;
627;Big John;;
628;To be frank;;
629;LCEJH;;
630;Bart the bourboneer,;;
631;Wes;;
632;Bourbon boy;;
633;daniel b.;;
634;Bourben;;
635;Sheriff Tim.;;
636;Jpaulm1971;;
637;Megan;;
638;DrB;;
639;None;;
640;arlakeman;;
641;MrWonderPhil;;
642;John E. Hartman;;
643;Dawn Denee Anderson;;
645;Kyal;;
647;Clankenbrew;;
656;Mikefer;;
657;M. Mellon;;
658;ElMonje;;
659;Yvett;;
660;Monic;;
661;Jjjj;;
662;claude1;;
663;JRH20;;
664;Redflowerzombie;;
665;mimanera;;
666;Clary;;
676;KMac;;
677;islandgirl;;
678;westernkansan;;
695;jellybean;;
696;rissa.drew;;
697;Timothy Haugen;;
698;Ruthie Ann;;
699;L N Smith;;
700;Amazon Customer;;
703;Doug Erlandson;;
704;Scot Campbell;;
705;Esther Levine;;
706;Terry A Anderson;;
707;Mystifye;;Cedar Rapids
708;Dadasue;;Louisville
709;Ginger;;
710;biggrammy;;
711;Klem Kadiddlehopper;;
712;Yankee Mark;;
713;Sherie;;
714;Rickd;;
715;Blkwideaux;;
716;Sandi;;
717;Joyce;;
718;grammy4;;
719;Bonnie;;
720;eve331;;
721;Agape;;
722;andemary;;
723;Reee;;
724;Chiefhop;;
725;sam1955;;
726;JestemBabcia;;
727;Kathy;;
728;Mick;;
729;ladydj;;
730;maryann lise;;
731;MrsBailey;;
732;REGGIE;;
733;Porkchop;;
734;Heather;;
735;Megananna3;;
736;joandja;;
737;Jaymes3199;;
738;fringe;;
739;D. Tancredi;;
740;LEON J LAUZON;;
741;Karen Stewart;;
742;Melanie;;
743;Wanda;;
744;Bevy;;
745;Rigel;;
746;Nick;;
747;crazycatlady;;
748;motdit;;
749;Bear;;
750;Nannytracy;;
751;LuLu;;
752;Shoff;;
753;Nona;;
760;SpunkySugarbutt;;
761;JoanneFlan;;
762;JR;;
763;Doc;;
764;Alex Abels;;
765;ivybuggsey;;
766;Hunter Mickow;;
767;perfectmoonbeam;;
768;IndianaNana;;
786;GrapesRUs;;
787;kmelgar;;
789;Kell;;
790;Harleygirl;;
791;sam wood;;
792;I. P. Freely;;
793;M. J. Glita;;
794;Jessica Ching;;
796;Mary A. Trudeau;;
797;Joseph D. Fulk;;
798;MMH;;
799;Anonymous;;
800;Roberta Chubb;;
802;JohnnyOZ;;
803;BittersMan;;
804;ThunderPantz;;
805;kcooper141;;
806;whynocashregistersopen;;
807;purplerosedc;;
809;DAWBERS;;
810;daveslove;;
811;DR4881;;
812;ifixrays;;
813;Llll;;
814;Apr-85;;
815;Av8tor;;
816;BKDunn;;
817;Kaelsmom;;
818;PelicanWithAMachineGun;;
819;rickelln2kids;;
820;lucy;;
821;Renee;;
822;Katm;;
823;Butter;;
824;Dauv;;
825;KLOquinn;;
826;Nanci;;
827;tmcnair32910;;
828;Pinkie;;
829;Debster;;
830;Sophia;;
831;Loyal;;
860;ONTRACK;;
861;BenAround;;
865;Lola;;
866;gee;;
867;ByTrieditall;;
868;ByDaniel M. Hart;;
869;ByHeidi girl;;
870;Wrk2ShopATWalmart;;
876;mytwokids0408;;
877;DonaZ;;
878;1liljoe;;
879;malarkey1;;
880;PJones;;
881;Lilie;;
882;Susan;;
883;ByEliza;;
884;Byrydvy;;
885;ByAmazon Customer;;
886;ByLee;;
887;Byjames mantell;;
888;ByCPills;;
889;ByC. Coffman;;
890;BySue S.;;
891;Bymichael;;
892;ByAmazon Groupee;;
893;Melissa Halpern;;
894;C. L. Hansberry;;
895;Lucy;;
896;Danno D.;;
897;firesprings;;
898;David Pfiefer;;
899;Marty Pick;;
900;J. Rinella;;
901;ByJBTek;;
902;ByRuby Tuesday;;
903;ByRobbin Johnson;;
904;ByPmchitwood;;
905;ByJill;;
906;ByMarlene Sigourney;;
908;BySusan L. Maxwell;;
909;ByC. L. Hansberry;;
910;ByDavid Cleveland;;
911;ByRberg;;
912;ByWes;;
913;BySue C;;
914;ByMyrtie;;
915;Bygct;;
916;ByTim;;
917;By101010101;;
918;ByAnne M., Welz;;
919;ByJames Seltsam;;
920;ByJennifer Akin;;
921;ByDanno D.;;
922;ByLola;;
923;ByCharles F. Heaton;;
924;Byfiresprings;;
925;Bygolfnut;;
926;ByR. Lay;;
927;ByJ. Rinella;;
928;ByMelissa Halpern;;
929;ByMarty Pick;;
930;ByLucy;;
931;ByJAI;;
932;ByEdwin E. Vives-romanini;;
933;ByMichelle;;
934;ByJulie Bulie;;
935;Bya sensible soul with gout;;
936;JAI;;
937;Edwin E. Vives-romanini;;
938;Michelle;;
939;Julie Bulie;;
940;a sensible soul with gout;;
941;Linda;;
942;Jennifer L;;
943;RoZy2;;
944;Gaye;;
945;Shelled_19;;
946;davkirjac;;
947;pcman;;
948;Cindy Lou;;
949;Steven Schafersman;;
950;Shelley Shelley;;
951;David Mcbride;;
952;SephoraPrincess;;
953;Family Man;;
962;Suzie;;
963;JLD58;;
964;mojkewety;;
965;thanks49;;
966;Barbloki;;
967;Cuzvin;;
968;tpguess;;
969;Nita;;
971;3824Peajay;;
972;Heckylnjyde;;
973;edward7th;;
974;TrucMonster;;
975;Mitch;;
976;1112221924bg;;
977;KLBram;;
978;AzCocktailArtist;;
979;Awesomeness;;
981;SeanDon;;
982;Beka;;
983;Lush;;
984;Twinfest;;
985;ms33;;
986;Kelly;;
987;TannerJ;;
988;Kirkir;;
989;nursegnet;;
990;Jaclyn;;
991;WeekendWarriorBartender;;
992;Judy;;
993;PattiR;;
994;Fopopps;;
995;MoodyMans;;
996;CjSwinn;;
997;Stephanie;;
998;AngBoG;;
999;Axxrod9;;
1000;PeteK;;
1001;Saby103;;
1002;Jake;;
1003;Cali;;
1004;NAWI;;
1005;OmmFooFoo;;
1006;Margo;;
1007;Bean;;
1008;4dalord;;
1009;Jose;;
1010;Jorge;;
1011;Roni;;
1012;usvistx;;
1013;FredB;;
1014;Belcherita;;
1015;Faith143;;
1016;Wally;;
1017;DPM1;;
1018;softballshn;;
1033;BBSC;;
1034;johnw12;;
1035;Mike57;;
1036;bandman1967;;
1037;Not worth it;;
1038;caverunner17;;
1039;mjksepka;;
1040;Marshall;;
1041;brian;;
1042;Remy;;
1043;Shuets;;
1045;Mouzawak;;
1046;Lewis;;
1047;Sawdust maker;;
1048;David;;
1049;Fgun;;
1051;Gale13;;
1052;Jmail3783;;
1053;dwilks;;
1054;Sassy;;
1055;JOan;;
1056;lovetoshop;;
1057;shindy;;
1060;gmpcrfl;;
1061;Tweety;;
1070;Jared;;
1071;Baltimore;;
1073;Ryan;;
1075;Kali;;
1076;Boss66;;
1077;Moonlight;;
1078;Lady Bartender;;
1079;Chris M;;
1080;konakona;;
1081;SpeedyGonzales;;
1082;jenny;;
1083;Valhalla;;
1084;BusyLady;;
1085;Happyconsumer;;
1086;Skulls2;;
1087;MVSBOSS;;
1088;pammyf;;
1089;Nate;;
1090;Quilter;;
1091;AlanHS;;
1092;Greatat48;;
1093;ermary;;
1106;dodge32;;
1107;Matthew H;;
1109;ByWilliam P.;;
1110;ByMina;;
1111;ByHW;;
1112;ByDA;;
1113;ByMelissa Kelly;;
1114;ByDonna Ditaranto;;
1115;ByCB in VT;;
1116;ByFootballer;;
1117;ByElizabeth;;
1118;ByKindle Customer;;
1120;BySherri Allen;;
1121;Bymelissa keasler;;
1122;ByJrb;;
1123;ByPaul H.;;
1124;ByBryan Carey;;
1125;ByKate Witten;;
1126;ByC. A. Knutson;;
1127;getitupandrunning9391144;;
1128;ByDavid Taigia;;
1129;ByRina;;
1130;ByCustomer Review;;
1131;ByChris;;
1132;ByJMW;;
1133;ByCraig Jaffe;;
1134;ByGail;;
1135;ByRandy Mason;;
1136;ByGerald Mascho;;
1137;ByBetsyK;;
1138;Deal Shopper;;
1139;BRK212;;
1140;matthew hartmann;;
1142;Amateur Bartenders Club;;
1143;Christian;;
1144;Ross;;
1145;Darthmullet;;
1146;Byamanda;;
1147;ByMLA;;
1148;ByNick J.;;
1149;ByDiane Lowry;;
1150;ByRob Shively;;
1151;BySkafish;;
1152;ByHot Tamales;;
1153;ByDavid C.;;
1154;ByL. V. Perrotta;;
1155;ByEric S.;;
1156;ByRodolfo C.;;
1157;ByM. Pence;;
1159;ByChristian Baekkelund;;
1160;BySharon;;
1161;ByCheryl;;
1162;ByR. M. Wheeler;;
1163;ByPeter D.;;
1165;ByK;;
1166;BySusan Vick;;
1167;ByD. Meder;;
1168;ByHunter Holliman;;
1169;ByCaszrae12;;
1170;ByChase Harrington;;
1171;ByN/A;;
1172;ByStephen;;
1174;ByJDHallectronics;;
1175;ByPaul K.;;
1176;ByBee;;
1177;ByNewAmsterdam;;
1178;ByDB;;
1179;ByRODNEY DEMOTT;;
1180;Byct4now;;
1181;ByMochene;;
1182;Byjason;;
1183;ByZachary Q. Szofer;;
1185;Bymelissa;;
1186;ByEric Bullock;;
1187;ByXJGlenn;;
1188;ByHoward;;
1189;ByLisa in W.C.;;
1190;ByL. Cipro;;
1191;Bystacey romoser;;
1192;ByLori Grace;;
1193;ByChris Devonshire-Ellis;;
1194;ByLeo Hackett;;
1195;Bysophiaannem;;
1196;Bywiredweird;;
1197;ByRiley Simon;;
1198;ByCharlesTuni;;
1199;ByJacob Hooker;;
1200;Bykacraw;;
1201;ByCasey Harding;;
1202;ByMAE;;
1203;Byedwin sierra;;
1204;ByS. Weisman;;
1205;ByTyler Leiss;;
1206;ByKatcha;;
1207;ByJared N;;
1208;ByTiffany;;
1209;Byzeke7;;
1210;ByAnonymous;;
1211;ByTed Slaughter;;
1213;ByT. Dolan;;
1214;ByRon Thigpen;;
1215;ByCLS;;
1216;ByTimothy J Rixner;;
1217;ByJ. Tapley;;
1219;ByPerel Soreh;;
1220;ByRuth Miller;;
1221;ByDarthmullet;;
1222;ByDiane M. Kingman;;
1223;ByDoug MacLean;;
1224;ByWhitney Gautreaux;;
1225;BySimulacrum;;
1227;ByJack W. Alexander;;
1228;ByW. A. H.;;
1229;ByJok Church;;
1230;ByTraveler;;
1231;ByMICHAEL W.;;
1232;ByKEN W;;
1234;ByM. Slee;;
1235;ByQuahog;;
1237;ByS.;;
1238;ByC. Losinger;;
1239;ByMyriam Altounji;;
1240;ByAnthony Devito;;
1241;By*Auntie L*;;
1242;Bymatthew hartmann;;
1243;ByKeith Stattenfield;;
1244;ByJane C;;
1245;ByMichael Parrish;;
1246;ByJames Bell;;
1248;ByBRK212;;
1249;ByRoss;;
1250;ByMary Anderson;;
1251;ByDulcie A Fusillo;;
1252;ByAmateur Bartenders Club;;
1253;ByDeborah A. Olk;;
1255;ByChristian;;
1256;Dewey;;
1257;BySpotted One;;
1258;Jim P;;
1259;moises;;
1260;Michael P;;
1261;SnoBoarder48;;
1262;Kevan M;;
1263;ron;;
1264;Ronny OHearn;;
1265;Stan;;
1266;RAYMOND P;;
1267;Tracey K;;
1268;James albrecht;;
1270;Debby;;
1271;Girly;;
1272;CassandraH;;
1273;Mangomixer;;
1274;Beeeelits;;
1275;atinaliag;;
1276;PGates;;
1277;pinklove1992;;
1278;Magoo;;
1289;ByPinkcat;;
1290;ByJason;;
1291;ByK. Avery;;
1292;ByDanniely Staback;;
1293;ByBillyRay;;
1294;ByLAW;;
1295;ByChristopher Shively;;
1296;ByJ R Hutchison;;
1297;ByKelly;;
1298;ByBuffer;;
1299;Sauderhouse;;
1300;Icey;;
1301;Cathie;;
1302;DanL;;
1303;JSTL;;
1304;Beverly;;
1305;amshell123;;
1326;Okie Farmer;;
1327;bchkrl;;
1328;spike908;;
1330;Teresa;;
1333;Clyde;;
1334;Hcc;;
1335;Lexie;;
1345;Dawn;;
1346;JLCD;;
1348;48GLove;;
1349;Johnbigsandy;;
1350;Momto4;;
1351;Dlopez;;
1352;Lsheffie;;
1353;ccmeyers;;
1354;Shortman;;
1356;JRaglan;;
1357;CC;;
1358;NMBon;;
1359;Weenus;;
1361;HappyHomemaker;;
1362;EMF130;;
1363;ParrotHead;;
1364;Gary;;
1365;Drakko007;;
1366;PianoplayerPami;;
1367;granmimialso;;
1368;Mangomadness;;
1369;WKWS;;
1370;OGBIGTACO;;
1371;up4it;;
1377;Steven Flores;;
1378;Rafael C;;
1379;Brandon A C;;
1380;john d;;
1381;Roberta J. Chauvin;;
1382;gustavo m;;
1383;Glenn H;;
1384;Jennifer Johnson;;
1385;Sue;;
1386;Alan McCurry;;
1387;Brendan B;;
1388;Cora;;
1389;ByShavon Sullivan;;
1390;ByAlicia;;
1391;Alicia;;
1392;awest;;
1393;Sweet;;
1394;Ally;;
1395;cattterman;;
1396;BMARIE123;;
1397;Barbi;;
1398;Cresent;;
1399;Allwayschilled;;
1400;patio;;
1401;RONI;;
1402;Roro;;
1403;Rose;;
1404;flowergal44;;
1405;Kayla;;
1406;Mom123;;
1407;Gacarolina;;
1408;Crackers;;
1409;Aaaa;;
1410;Jami;;
1411;Mare;;
1412;Damaris;;
1413;Beds;;
1414;rrrmm;;
1415;HappyCamper;;
1416;Alexandra;;
1417;Tree;;
1418;asnider123;;
1419;LauraH;;
1420;goldie;;
1421;Geewiz;;
1422;Silvie;;
1423;Xansomom;;
1425;Patrice;;
1426;Mekim;;
1427;SatisfiedShopper;;
1428;Jane;;
1429;RB1982;;
1430;Darlene;;
1432;momo;;
1433;nana;;
1434;ppop;;
1435;SarBear2005;;
1436;ThierMom77;;
1437;equaluser;;
1438;scottfs;;
1439;ksimp;;
1440;plantlvr;;
1441;Bobbie;;
1442;Janie;;
1443;Leadwolf1;;
1444;cappy;;
1445;Sammy;;
1446;Matter153;;
1447;lg333;;
1448;Missie;;
1449;bren;;
1450;MamaKaye;;
1451;LaurenAlice;;
1452;JustforMirka;;
1453;tulipkoda46;;
1454;James M Burkshire;;
1455;Bagpiper;;
1456;Gilbert H. Viteralli;;
1457;D. Flowers;;
1458;J. Schwab;;
1459;joebrez;;
1460;Jass;;
1461;Doretta S Prior;;
1462;MaGoo;;
1463;GourmetKitty;;
1464;BigE24;;
1465;Bliss852;;
1466;phill025;;
1467;quietwolf;;
1468;BowDogg;;
1469;Yankee;;
1470;Katy;;
1471;Spok;;
1472;LadyVolFan5;;
1473;Karrot;;
1474;DinaSuperMom;;
1475;Schelle;;
1476;Jen2;;
1477;borric;;
1478;Lulu;;
1479;Papa;;
1482;KBKeen;;
1483;Charlie;;
1484;Kristhony;;
1485;Momoffour;;
1486;dee12;;
1487;jl88;;
1488;mykids;;
1489;dayfam;;
1490;monsterdoll;;
1491;Moms;;
1492;vata;;
1493;Mascara;;
1495;Wendy;;
1496;Charles T;;
1497;DiAnne F;;
1498;wertyui;;
1499;Laurie;;
1500;Seven;;
1501;Lacoste2014;;
1503;Kimbra;;
1504;Edward;;
1505;Cybersprite;;
1506;NoGood;;
1507;mtman;;
1508;Sarah Carter;;
1509;Jodel;;
1510;John Hentsch;;
1511;Norman Resnick;;
1512;Sorayalu;;
1513;Robert M. Williams;;
1514;Anthony J. Gerbino;;
1515;Robert Norman Ralstin;;
1516;Christopher W. Cebell;;
1517;JOAN SULLY;;
1518;StephenS;;
1519;CarolynF;;
1520;frog1;;
1521;Briershopper;;
1523;Firecracker;;
1524;trackmaker;;
1525;Sammy77105;;
1527;Crystal;;
1528;chowster;;
1529;stargazer;;
1530;TruckII;;
1531;Emma;;
1532;Cori1171;;
1533;ROBBIN;;
1534;RLCB;;
1535;rawlin;;
1536;ChubbChubb;;
1537;JH123;;
1538;lovemydoxies;;
1539;Dido;;
1540;Happiness24;;
1541;Vicki;;
1542;Wayne;;
1543;Boothe;;
1544;Tim200X;;
1545;JCeizure;;
1546;Andrew Vrana;;
1547;Guardian;;
1548;S. CONRAD;;
1549;J. Hazeltine;;
1550;Brian Grzymkowski;;
1551;Atrain;;
1556;Carson J;;
1557;Robert R;;
1558;Scarlett;;
1559;Richard R. Stewart;;
1560;J L;;
1562;FLACO;;
1563;Decent;;
1565;GrammyAngie;;
1566;joydoctor;;
1567;James Rodgers;;
1568;Cherie Clark;;
1569;Nettie Scott;;
1570;Denise A;;
1571;1000Books;;
1572;KevDread;;
1573;Joe M.;;
1574;C. Hill;;
1575;Jean-sebastien Girou;;
1576;Beverly Potts;;
1577;Jomama;;
1578;KM1980;;
1579;caliboy;;
1580;Amazoner Stallion;;
1581;Thoughtful Reader;;
1582;ascNYC;;
1583;Dante;;
1584;Adam Machanic;;
1585;Scott Cherry;;
1586;Daniel B. Williams;;
1587;Lynn Hoffman, author:Radiation Days: A Comedy;;
1588;nbowncrawford;;
1589;ANGELA W;;
1590;TVBuyer13;;
1591;PickyEater;;
1592;Melli;;
1593;Jenks61;;
1594;Healdsburg;;
1595;roswellian1;;
1596;nameit1122;;
1597;Bill;;
1598;Walter;;
1599;JJ;;
1600;Randy S;;
1602;Bklyngal217;;
1603;brgnshops;;
1604;Jansi;;
1605;Bjmyers49;;
1606;FiReWaTeR;;
1607;Laurel Crisafulli;;
1608;Yolanda;;
1609;Larry D. Williams, Th.M;;
1610;M.W. Byrne;;
1611;Hollandaise;;
1612;5150hillbilly;;
1613;penbuyer;;
1615;Dennis Deckmann;;
1616;Milton A. Yerger;;
1617;Forbzilla;;
1618;Stephanie A. Neibarger;;
1622;C. Tschiemer;;
1623;Big DaddyBlues;;
1624;FoldMom;;
1625;Cherril Crandahl;;
1626;Qest;;
1627;Mr. J;;
1628;davie;;
1629;Country girl;;
1630;Cindyblue;;
1631;rossy;;
1632;tostsi;;
1633;Mattman600;;
1634;grego;;
1636;Sree;;
1637;GIZMOCIVIC;;
1638;Georgia;;
1639;LaRita;;
1640;daved1;;
1641;ricoj3323;;
1642;Melissa1234;;
1643;jest54;;
1644;Angiebaby;;
1645;Kim from Mabelvale;;
1646;zwoman;;
1647;Azlan;;
1648;teniasperry;;
1649;drlinjojo;;
1650;sbk1;;
1651;hummingbird24;;
1652;rhay;;
1653;Rena;;
1654;Cassie21;;
1655;Danierenee;;
1656;Heatherro;;
1657;phyl;;
1658;Jayson;;
1659;Bam358;;
1660;TeamRedneck;;
1661;catwin49;;
1662;riversidema;;
1663;winter999;;
1664;Slim;;
1665;pegleg;;
1666;Mewe;;
1667;juanboy;;
1668;WILL;;
1669;torimmac;;
1670;knh136;;
1671;Zdoc;;
1672;sparky725;;
1673;Christle Sue;;
1674;chrissyleogirl;;
1675;slhouston31;;
1676;Gg1979;;
1677;Vivian75;;
1678;lnewmarch;;
1679;Pearl;;
1680;judi15;;
1681;Janet69;;
1682;Paisley86;;
1683;eaglet11;;
1684;smokejoe;;
1685;Jules27;;
1686;alicia;;
1687;Fashionista30;;
1688;Puffy;;
1689;janice;;
1690;DonA;;
1691;Swany05;;
1692;Jessegirl94;;
1693;little andi;;
1694;lane;;
1695;Erma75;;
1696;kathy65201;;
1697;deb2011;;
1698;Dleewrob;;
1699;BarbaraF;;
1700;Mt259;;
1701;Subliminal878;;
1702;Fj680d;;
1703;Keithk;;
1704;Camp;;
1705;Gillian;;
1706;aepadilla17;;
1707;stephct;;
1708;Nathreport;;
1709;Candi1996;;
1710;paco;;
1711;godchild81;;
1712;caya;;
1713;Bubbles76;;
1714;vergie;;
1715;Sweetsouthernpeach;;
1716;Big daddy;;
1717;kayleigh;;
1718;katrucha;;
1719;Tinamorrison1;;
1720;Walela;;
1721;Jenlette;;
1722;Taz99;;
1723;idavidi;;
1724;jemclean;;
1725;dosxx;;
1726;jvl10111978;;
1727;jessieccc;;
1728;harleyrider53138;;
1729;Robo64;;
1730;bjkiebel;;
1731;jilld731;;
1732;renogirl;;
1733;frankiefav;;
1734;do not have one;;
1735;SlipperyPete;;
1736;BENICECOOL;;
1737;sunset808;;
1738;JB36;;
1739;prairiegal94;;
1740;Tiger;;
1741;sunlover;;
1742;Becky565;;
1743;Tessie;;
1744;thilker14;;
1745;asm01;;
1746;loompa;;
1747;Kls810;;
1748;Kayr1;;
1749;Diana Rae 1963;;
1750;UN12;;
1751;kimbo;;
1752;mtditty;;
1753;Laura S;;
1754;bella;;
1755;mellsworth;;
1756;spotss;;
1757;Kendra;;
1758;lwshm64;;
1759;Kellcole;;
1760;donp;;
1761;grandmaroy127;;
1762;TRISHAMC95;;
1763;Ginny;;
1764;sw29;;
1765;Smitten;;
1766;Yoli;;
1767;Kimmsue;;
1768;Carrie1973;;
1769;Nik420;;
1770;cuppiecake84;;
1771;tdircks;;
1772;Frog;;
1773;Susieq26;;
1774;Tyhub;;
1775;sowens;;
1776;redd23;;
1777;MrVA;;
1778;P Brown;;
1779;swpswnr;;
1780;Debbi;;
1781;Marielinda;;
1782;tattooblackwidow;;
1783;Olive49;;
1784;traney79;;
1785;cakes;;
1786;moneynebraska;;
1787;Suzzayne;;
1788;Riggerson;;
1789;Maddog;;
1790;Sourgrrl78;;
1791;HrtCarmex;;
1792;dawndreamer69;;
1793;davedarlene;;
1794;amanda823s;;
1795;Johnny22;;
1796;DarcyG;;
1797;pcaradonna;;
1798;baron265;;
1799;Toi206;;
1800;Beck35;;
1801;Katiehunsucker;;
1802;austinmomma;;
1803;BlueGray;;
1804;gee426;;
1805;kittiekatt99;;
1806;Stacynovack;;
1807;Barb;;
1808;lisa35;;
1809;boop6482;;
1810;shorty84;;
1811;Krazy Kat;;
1812;pdbwmj;;
1813;jarrybear;;
1814;Missyg;;
1815;Buddys Mom2;;
1816;supermom20044;;
1817;sammii27;;
1818;elohimgirl;;
1819;prpkaty;;
1820;tallblonde1;;
1821;Lovebug;;
1822;ejl7;;
1823;KathyR;;
1824;Panz1969;;
1825;Kelley;;
1826;Mindo51;;
1827;lindaisamom;;
1829;lapper;;
1830;debm;;
1831;kathyk;;
1832;Collien2000;;
1833;cesar56;;
1834;cpstucker;;
1835;vkjones59;;
1836;hillcreeksteve;;
1837;Giggles13;;
1838;mknesbi;;
1839;jim bates;;
1840;mobile;;
1841;klynn06;;
1842;JennBuck;;
1843;CarolSuee;;
1844;Bbeasley;;
1845;Worker23;;
1846;Chels24;;
1847;jojo1961;;
1848;janbag;;
1849;AlisonB;;
1850;jIMMIE;;
1851;libbylou25;;
1852;Susie82;;
1853;dluchetti;;
1854;kimmisam;;
1855;gringo1965;;
1856;jpapa;;
1857;Patbrandt;;
1858;Raelynn1982;;
1859;Chikis;;
1860;Monie88;;
1861;iamlaurabeth;;
1862;Sherre1964;;
1863;ericmillerbeer;;
1864;Blazelekitty;;
1865;Pixi5710;;
1866;schuma98;;
1867;imfineru;;
1868;masmla;;
1869;mikey;;
1870;Veegman;;
1871;Lea58;;
1872;Kimi001;;
1873;Derek;;
1874;couponcarol;;
1875;Kiki1771;;
1876;andreect;;
1877;JUNIEBUG;;
1878;Anetta;;
1879;WNYcookin;;
1880;kimschramm;;
1881;DebMit;;
1882;Christinia1;;
1883;Doris;;
1884;buddio;;
1885;Rikirox;;
1886;Gigi;;
1887;francieb;;
1888;Franco0588;;
1889;Schnauzer mom;;
1890;Csteinfels;;
1891;teddyadms5;;
1892;diacorona;;
1893;mstexabilly;;
1894;jcmoore;;
1895;BIOYA;;
1896;Busy mom;;
1897;nbg73;;
1898;Iowasheila;;
1899;montneyc;;
1900;AnnieLaurie;;
1901;Hollypal;;
1902;Dixie28;;
1903;Jodz;;
1904;SnooW;;
1905;Whitney4290;;
1906;Cmurphy;;
1907;Debbie06;;
1908;Rach;;
1909;cchandler;;
1910;Elisha;;
1911;stef28;;
1912;seestheday5;;
1913;Damien;;
1914;Zeeb;;
1915;TammyJo13;;
1916;Kelsey;;
1917;Gabnbuddha;;
1918;msmead11;;
1919;evi63;;
1920;S_23;;
1921;piercekl;;
1922;Susan19;;
1923;Brandey5;;
1924;Reen;;
1925;Hax1234;;
1926;jacoria;;
1927;littlecity413;;
1928;LizzieBee;;
1929;msoto7;;
1930;Jodi Hunter;;
1931;Sugar BA;;
1932;kaleigh102;;
1933;RJA66;;
1934;dougs2660;;
1935;HunnyBunny;;
1936;JacVa;;
1937;Melissawalker;;
1938;Mattgm869;;
1939;lilyhiemer;;
1940;Bonbon;;
1941;jfederici;;
1942;mkgishere;;
1943;Surfdarrel;;
1944;Husky pups mom;;
1945;Texastee;;
1946;Jlrevelle;;
1947;littledebbie;;
1948;Sarah66;;
1949;agbogardus;;
1950;stepie1130;;
1951;Sheenam;;
1952;Colie1;;
1953;nicolmom;;
1955;Constance;;
1956;shortstep72;;
1957;Pauliesgirl;;
1958;genia;;
1959;Skiier Mom;;
1960;psword;;
1961;DonnaJ49;;
1962;jbmorel;;
1963;Nanc;;
1964;amy1212;;
1965;bluepastry;;
1966;llaws72;;
1967;maureen50;;
1968;kcccmom;;
1969;Jude;;
1970;thumper75501;;
1971;Lovecarmex;;
1972;Donna551;;
1973;keister21780;;
1974;grammie;;
1975;suem;;
1976;bronco;;
1977;Rosa;;
1978;Poppie;;
1979;Jazzy63;;
1980;Lrx888999;;
1981;Linda2955;;
1982;Cherrylayne;;
1983;leslie;;
1984;R11785;;
1985;DDTT;;
1986;kks6886;;
1987;redstuff70;;
1988;Lissa1971;;
1989;Nescau;;
1990;Ellen55;;
1991;Vickiejoy25;;
1992;niamh27;;
1993;Jazzy;;
1994;rainbow215;;
1995;Bexx3373;;
1996;theunseeliepixie;;
1997;dalores;;
1999;Nickee;;
2000;Shellebp21;;
2001;bearypaw6;;
2002;Blame;;
2003;vickk73;;
2004;alicia667;;
2005;Priestgirl;;
2006;thecoxons;;
2007;killymoon;;
2008;Dspgrl32;;
2009;ShopevraEd;;
2010;Leha;;
2011;justsal;;
2012;Sug05;;
2013;AKU075;;
2014;ruth21alejo;;
2015;milagros51;;
2016;Spike;;
2017;GrandmaZ;;
2018;April;;
2019;jkjohns;;
2020;Craigeed;;
2021;brittney;;
2022;Head naked;;
2023;Ally1;;
2024;mwiesner75;;
2025;BarbaraA;;
2026;Yungluvsprincess;;
2027;pumpkin99;;
2028;shygrl317;;
2029;Gab712;;
2030;Cristy f;;
2031;lizkay;;
2032;Candy12151;;
2033;Momof2;;
2034;Devon018;;
2035;Sheari;;
2036;Lamodela;;
2037;honeywalk;;
2038;Kaibee;;
2039;pita241;;
2040;AER21;;
2041;Bonniebabs;;
2042;katnurse65;;
2044;jimjimnm;;
2045;Loratora;;
2046;Purplesque;;
2047;crystal009;;
2048;mjw544;;
2049;Panda;;
2050;Groovychick415;;
2051;tykelynn;;
2052;Tamanta;;
2053;jmac813;;
2054;Breezysix;;
2055;Jwh8847;;
2056;uclena;;
2057;TexasQueen;;
2058;robert24247;;
2059;7-Apr;;
2060;CUNA1;;
2061;1hardrocknmom;;
2062;WORM;;
2063;loribear;;
2064;TerriG;;
2065;bigred;;
2066;kbentondelauder;;
2067;nekky;;
2068;Am6n9l;;
2069;Danielle;;
2070;lhbigsis;;
2071;saltbreezer;;
2072;judyab;;
2073;JusDeLano;;
2074;Jordan;;
2075;Lum1351;;
2076;tatrmt;;
2077;Sittinonxgo;;
2078;Marloc1;;
2079;Phyro;;
2080;Cutiebuggy;;
2081;ccam;;
2082;Kota;;
2083;becca9280;;
2084;jasonotr;;
2085;hess1;;
2086;ibereesecup;;
2087;ladycobra1;;
2088;Suzannesummers1;;
2089;Tawna;;
2090;Shan lol;;
2091;Andreea;;
2092;Joey_Vee;;
2093;Alicia08;;
2094;lonhing;;
2095;TNR0;;
2096;mavi;;
2097;lglanz;;
2098;Longtimeuser;;
2099;GA62;;
2100;Felecia;;
2101;Kevino;;
2102;Denise09;;
2103;Babysmilez;;
2104;JaimeLynn;;
2105;MaxQueen;;
2106;Mark;;
2107;Michael82;;
2108;SuziQ;;
2109;Susan05;;
2110;djolsen;;
2111;Carma;;
2112;LaMariposa75;;
2113;donna02;;
2114;Ogbutterflyshiner;;
2115;pkwp;;
2116;Dizzle;;
2117;Sophie21;;
2118;thermopolis;;
2119;Nikki615;;
2120;sweetmel;;
2121;kristyh;;
2122;Gramsweeps;;
2123;Britt 65;;
2124;mrwolly;;
2125;jmbrock;;
2126;raerae;;
2127;SandyJ;;
2128;TracyL;;
2129;tom2007;;
2130;Alex357;;
2131;Jensen;;
2132;horvaths06;;
2133;ecole45;;
2134;Yana07;;
2135;jammyqt;;
2136;Kim827;;
2137;cameron8;;
2138;twiggy;;
2139;Vanillacake718;;
2140;trilisa1230;;
2141;MrsJ031314;;
2142;Raikoumegami;;
2143;Brooklyn76;;
2144;GmaRox;;
2145;Shmam;;
2146;Fgcrock77;;
2147;Mr Wally;;
2148;starboxx1;;
2149;Charlotte 57;;
2150;rosette;;
2151;dalmar;;
2152;OkieGirl1122;;
2153;ophelme;;
2154;Binky;;
2155;hollie_wright;;
2156;Chuck;;
2157;cjchicago;;
2158;tnolna032;;
2159;mydybby54;;
2160;Atgeaux;;
2161;Chanel;;
2162;Tswoape;;
2163;kriscody;;
2164;Lynnie;;
2165;Kaceyling;;
2166;SChase;;
2167;Biligh;;
2168;diva1117;;
2169;lalamablee;;
2170;shurt;;
2171;It works;;
2172;SJSMALL;;
2173;luvcarmexlips;;
2174;jotcb;;
2175;Chas31;;
2176;Snookems;;
2177;allmysomethings;;
2178;Dougie;;
2179;dferrini;;
2180;lillian05;;
2181;Brenda3a;;
2182;kmairead;;
2183;slsimonds;;
2184;Susan8662;;
2185;Vicb4;;
2186;Deehunt;;
2187;Cyn18;;
2188;Dodie;;
2189;onnaroll;;
2190;Deevee;;
2191;lovestoswim;;
2192;thedivinemizzm;;
2193;Coffeegirl007;;
2194;Gogogirl;;
2195;a10s;;
2196;Bugsmom;;
2197;er87stu;;
2198;DanS;;
2199;spunkster;;
2200;Augirl;;
2201;1smellypuppy;;
2202;Ricky97;;
2203;ratri77;;
2204;natalie;;
2205;KColeman072104;;
2206;Crizzi;;
2207;ninkomom;;
2208;Neenee511;;
2209;Sanrae;;
2210;kristi m;;
2211;joovalle;;
2212;Dmartinez;;
2213;Mrs B;;
2214;Galien01;;
2215;ginakaye33;;
2216;ruthie1019;;
2217;deb2569;;
2218;Country273;;
2219;Nora;;
2220;candy;;
2221;Carol;;
2222;samantharuth1681;;
2223;Annie Hamilton 7;;
2224;Roxie;;
2225;MissDixie;;
2226;Madison marie;;
2227;chapped lips;;
2228;102lj;;
2229;Love1you;;
2230;meanestmom;;
2231;Eileen;;
2232;CandyGirl1959;;
2233;judylor;;
2234;MissNSnow;;
2235;Big Pete;;
2236;KJ Casey;;
2237;maws4;;
2238;Dazzelt1;;
2239;dlbcgh;;
2240;Npenn2;;
2241;spalanmom;;
2242;herby;;
2243;Tiff4049;;
2244;Little t;;
2245;kglight;;
2246;goodymom;;
2247;CN25;;
2248;nikopunkin;;
2249;CarmexCrazy;;
2250;rebeccaadams;;
2251;menabel08;;
2252;jadams68;;
2253;Robsbabygirl;;
2254;Yankeedoll;;
2255;Sandra;;
2256;Espieg;;
2257;Potter;;
2258;mrngflwr;;
2259;MommaVonC;;
2260;KarenH;;
2261;barbieQ2U;;
2262;Ellensl;;
2263;Sandy 1234;;
2264;renie3;;
2265;Ellie;;
2266;susan410;;
2267;liketotch;;
2268;Bucksmom1;;
2269;KFerm;;
2270;mommyof3;;
2271;TRash;;
2272;Patty13;;
2273;nrsconnie;;
2274;Jessy600;;
2275;Gingervon;;
2276;Garlic24;;
2277;ladyesheryl;;
2278;Angchi;;
2279;lstrebe;;
2280;annette155;;
2281;sdrk;;
2282;rentmac7;;
2283;Jolene;;
2284;heatherhrc;;
2285;donnasquaw;;
2286;Kayleej644;;
2287;lesmoe;;
2288;samantha88;;
2289;Kirsten 69;;
2291;srquick;;
2292;bitterauldqueen;;
2293;Patricia 27;;
2294;justinehorton;;
2295;raychg411;;
2296;Boots Devon;;
2297;Sabdhawkins;;
2298;Catsandlydia;;
2299;chellester;;
2300;DEBVAN;;
2301;Tabi428;;
2302;jeffreym123;;
2303;Kath;;
2304;SelihcIII;;
2305;Anita;;
2306;neuralwarelk;;
2307;mpasanen;;
2308;bransam1;;
2309;Tresa;;
2310;ray763;;
2311;reed00;;
2312;Lightening Lips;;
2313;Tim D;;
2314;REDanIRISH;;
2315;skatergirl;;
2316;ej7424;;
2317;beauregard1979;;
2318;vasthoagies;;
2319;penneyirene;;
2320;Nurse2004;;
2321;Krici;;
2322;cqa1;;
2323;mlx3;;
2324;Mikey B;;
2325;candy2785;;
2326;Thom7759;;
2327;HotLips7;;
2328;Catawissakitty;;
2329;katzchen;;
2330;ja ja;;
2331;WENDY;;
2332;kvalentine93;;
2333;bethieb;;
2334;chrissydeegee;;
2335;Ruthie1982;;
2336;bevly1;;
2337;MelissaBr;;
2339;ttroxe01;;
2340;1fitcaligirl;;
2341;BEACHCYNR;;
2342;Deeondra;;
2343;Jojobiloba;;
2344;gbestadt;;
2345;Skydiver;;
2346;GirlLovesCarmex;;
2347;sageshakur;;
2348;JaTo;;
2349;Crystallen01;;
2350;lucky1;;
2351;Marshone;;
2352;Jaded_Angel;;
2353;Barbs;;
2354;Sys1;;
2355;Savanna1j;;
2356;Sue5;;
2357;Marie;;
2358;karensueflu;;
2359;JackieC;;
2360;TailorNi;;
2361;morgan;;
2362;always use carmex;;
2363;Lyn265;;
2364;lojove70;;
2365;Jackie27;;
2366;loridee62;;
2367;Daka;;
2368;Jobaio;;
2369;Erob;;
2370;daleann45;;
2371;Kutin;;
2372;easyday;;
2373;hello476;;
2374;Doll;;
2375;Lady Dee;;
2376;whitleigh92;;
2377;Aizzafp;;
2378;carlyt529;;
2379;Ttamc1;;
2380;brendalynne;;
2381;Joan;;
2382;cblz330;;
2383;Barbie;;
2384;sfachic07;;
2385;acaine73;;
2386;Bria;;
2387;Hman;;
2388;kimberlyC;;
2389;kimmifier;;
2390;brawner;;
2391;Claire13;;
2392;sariekb;;
2393;DeetheProducer;;
2394;kathylr1123;;
2395;maccied3456;;
2396;Zoeeliza94;;
2397;annabel;;
2398;Mikesgrl624;;
2399;taja33;;
2400;Donna106;;
2401;Dcleveland23;;
2402;thinnerii;;
2403;DeenieT;;
2404;1donthaveone;;
2405;Summer;;
2406;budloverbill;;
2407;griffins111;;
2408;Dflo;;
2409;IrishColorado;;
2410;Teffie;;
2411;CarmexLover123;;
2412;Mary Ann;;
2413;AmyZ;;
2414;Meemus;;
2415;operaman4u;;
2416;chloe45;;
2417;Glosing;;
2418;sandmann58;;
2419;ellebean;;
2420;vonrickstr;;
2421;Nena;;
2422;lala89;;
2423;Deerman066;;
2424;Rachyrawr;;
2425;cisea;;
2426;bluenet;;
2427;kellio23;;
2428;Joaleern1;;
2429;mira_keeran;;
2430;Kim67;;
2431;Chloe12;;
2432;brezzy79;;
2433;Barnstormer;;
2435;ARB81;;
2436;angieann;;
2437;nikim1378;;
2438;ladeast;;
2439;amyb7;;
2440;vckr;;
2441;Sam4309;;
2442;Shegrins2;;
2443;foofo;;
2444;Risse;;
2445;jknight;;
2446;angie666;;
2447;MaxsMom62915;;
2448;Judy124;;
2449;Queen62;;
2450;Marly;;
2451;Michigansnowgirl;;
2452;Luci lu;;
2453;michellthundercat;;
2454;evelyn;;
2455;Gina M;;
2456;dontdwell;;
2457;Ally_oop14;;
2458;Joann65;;
2460;YAYAKRISTEN;;
2461;hammond1987;;
2462;Marianne70;;
2463;Butterfly;;
2464;skittles;;
2465;lessies;;
2466;jfcasidy12;;
2467;Rudoxx;;
2468;Smorri02;;
2469;AmandaH;;
2470;mrsroberts1982;;
2471;Marleneho;;
2472;danadenay;;
2473;caitlinsara;;
2474;SusieQ;;
2475;Nnicebbrat;;
2476;jb3130;;
2477;BADigna;;
2478;studentmom2015;;
2479;BOBW;;
2480;Dennisw;;
2481;Joanie;;
2482;Roofiesstuff4;;
2483;arikid50;;
2484;Joeyjojo;;
2485;smgreen8;;
2486;Amanda Ann;;
2487;heybodiddley;;
2488;Soapristine;;
2489;Zapper;;
2490;chriswes200;;
2491;Wheels86;;
2492;KatherineG;;
2493;MissGina67;;
2494;ililuiliu;;
2495;saramae;;
2496;Dyno;;
2497;GinT;;
2498;Jaylee;;
2499;awsure;;
2500;melissa;;
2501;Bridgit;;
2502;Abee;;
2503;BIBEF2;;
2504;Lilangel113;;
2506;Fasola;;
2507;Summer97;;
2508;Cathy44663;;
2509;Mary4AU;;
2510;mary38;;
2511;proudarmymom;;
2512;jlr594;;
2513;Twinmommy2006;;
2514;bryteyes44;;
2515;Lonee;;
2516;JackieB71;;
2517;L0NNA;;
2518;A1989peanut;;
2519;Rosaless;;
2520;Schopden;;
2521;fiorina94;;
2522;Cryyyystal;;
2523;Livv;;
2524;Karendj;;
2525;Dani Ann;;
2526;Nikki023;;
2527;Lizagntr;;
2528;laura 31;;
2529;Vivi32;;
2530;Molly1;;
2531;Tina d Utecht;;
2532;madmom;;
2533;gogo226;;
2534;theatingstad;;
2535;momma of 4;;
2536;mckeemom5;;
2537;noemipo;;
2538;Lia810;;
2539;Chkultr;;
2540;martin247;;
2541;Bklyngrl4u;;
2542;militarybrat;;
2543;Erg9435;;
2544;nateyface;;
2545;Lanie;;
2546;abbey9;;
2547;ThomasIII;;
2548;Msj611;;
2549;TamB;;
2550;LipService Dave;;
2551;freezing2;;
2552;Jeanie;;
2553;Cher4444;;
2554;Paulie;;
2555;S Dalton;;
2556;Dai Argwn;;
2557;Cybermiss;;
2558;animorfK;;
2559;weirdpat;;
2560;TashaLinda;;
2561;acebluetribal;;
2562;Annibella;;
2563;MitchLed;;
2564;LinaL;;
2565;Hotginger;;
2566;Robertj02006;;
2567;Kare;;
2568;kathleen74;;
2569;AnkleDiva;;
2570;Turnbell;;
2571;Gigi20;;
2572;daniBadWolf;;
2573;MelRose1125;;
2574;mlmartin10;;
2575;Spring;;
2576;carolenn;;
2577;Lala413;;
2578;Shawnda5000;;
2579;Sammy292;;
2580;schluns;;
2581;C Happy;;
2582;angel5444;;
2583;emili;;
2584;ToniVi;;
2585;lalas57;;
2586;LTC T J Schakow USAR;;
2587;Matto;;
2588;Roo1;;
2589;Cheryl Lynn;;
2590;hunter_girl4171;;
2591;Awfulunicorn;;
2592;Jahmier;;
2593;AmberE;;
2594;BethnTrav;;
2595;OmaAlisa;;
2596;Glenn69;;
2597;kfar77;;
2598;toni;;
2599;Kittymay;;
2600;alan7647240;;
2601;bulldogmomma;;
2602;vikingsfan3;;
2604;nannyof4;;
2605;jaypea2005;;
2606;Ssandy64;;
2607;samswift1;;
2608;Tika;;
2609;cheryl69;;
2610;Melissa12;;
2611;Dana;;
2612;Ski56;;
2613;jenward4;;
2614;jigga jv;;
2615;Jan-64;;
2616;Gritz44;;
2617;Jolome;;
2618;kid1;;
2619;kelkraut;;
2620;pickie 1;;
2621;lmwilkerson;;
2622;Terif11;;
2623;Fowlerdiana;;
2624;Star;;
2625;YeseniaWittman;;
2626;shorty37;;
2627;Linda8532;;
2628;mmatur;;
2629;LISAB;;
2630;mmou;;
2631;zyde;;
2632;Tinker41;;
2633;Leeka1984;;
2634;Dyanna67;;
2635;WesB;;
2636;terridd;;
2637;biggdogg101;;
2638;tregoy;;
2639;sally1971;;
2640;Lisa55;;
2641;mdearest;;
2642;coty83;;
2643;vicky;;
2644;cynthia;;
2646;jo28;;
2647;Ronn;;
2648;Lucky8768;;
2649;BUCKKY;;
2650;GMS7775;;
2651;atamom1;;
2652;lolabunny0517;;
2657;Mimi54;;
2658;Kittykate6;;
2659;DartMuir;;
2661;Mama6016;;
2665;Keone Madrid;;
2666;Marilynn;;
2667;delane;;
2669;Twin mama;;
2671;Stephanie14;;
2673;SurfinChef;;
2674;ByJack Nunes;;
2675;ByJenny;;
2676;ByKathryn L. Tate;;
2678;ByLinda;;
2679;ByBLB;;
2680;ByRichard Hodgson;;
2681;ByPeterson;;
2682;mamasaur;;
2683;hymanbarrel;;
2686;Maya Girl;;
2687;AJG;;
2688;H. Michael Siesel;;
2690;Son of the GAR;;
2692;Alexander J. Grady;;
2693;M. Reith;;
2696;sal palmeri;;
2697;rcha;;
2698;Tracey Ralston;;
2699;Ellen L. Overaa;;
2701;Caroline A. Millar;;
2703;Goforthegreen;;
2704;James K;;
2705;coins-are-me1;;
2706;lewwozny;;
2707;marilynne;;
2708;Patterson;;
2709;Eric F.;;
2710;reknirb;;
2711;NAS;;
2712;April Warren;;
2713;richh314;;
2714;Steve Martin;;
2715;Larbear;;
2716;PopSicle;;
2717;Bettie A. Denny;;
2719;Pamela S;;
2720;AnneCarol;;
2721;Max;;
2722;JS;;
2723;DynoDad;;
2726;Debra L.;;
2727;Whiskey Tango;;
2728;GCL;;
2729;Lou F;;
2730;Amy Hewitt;;
2731;Carolyn;;
2732;Unknown;;
2733;Cherokee2;;
2735;lauraq;;
2736;wen from pa;;
2737;vickiehagen;;
2738;ardnaxela;;
2739;Jersey girl;;
2740;sueknits;;
2741;JerseyCookie;;
2742;W. D. Atkinson;;
2743;Tim P. Essebaggers;;
2744;Cathie Burkland;;
2745;Deanna Andre;;
2747;Jen;;
2748;GoJacks;;
2749;Scubano;;
2751;Exercise Queen;;
2753;Sandy;;
2754;animallover;;
2755;erica thompson;;
2757;AMY KINDEL ADAMS;;
2758;DEBORAH S. CONNOR;;
2759;tracy;;
2760;anonymous;;
2761;Sarah E Buchenroth;;
2762;MalaYQue!;;
2763;Deidre;;
2765;LRC;;
2766;SpaReads;;
2767;St. Leigh 2.0;;
2768;Kathleen Horton;;
2769;Deidre DiFazio;;
2770;RB;;
2772;great rat;;
2773;HeathCliff;;
2774;Lainy;;
2775;Lisa Marie;;
2776;rich s;;
2777;Nicole P.;;
2778;Contribute;;
2779;Donnaberry5;;
2780;RB Bob;;
2781;fyfy;;
2782;Koolina;;
2783;mark;;
2784;Patrick A. Cassidy;;
2785;Nathaniel Myer;;
2786;Marie A;;
2787;kdbcneedles;;
2788;JOSEPH J;;
2789;ouishbug;;
2790;djm6372;;
2791;Daybreak;;
2792;Travelmama2014;;
2793;j46c;;
2798;RRSF;;
2799;Jeanann5;;
2801;dvg3019;;
2802;msmoxi;;
2803;JoanieQA;;
2804;Zz52;;
2805;Paid;;
2806;Miamimom;;
2807;BlackScorpio;;
2808;hothappy;;
2809;jeanaa;;
2810;Granny R;;
2811;Unique;;
2813;Aprz;;
2814;LCBMReview;;
2815;TNMomma2;;
2816;ColeyB;;
2817;prayergirl;;
2818;Jeanette Preuss;;
2819;G Money;;
2820;Eliott Mendelson;;
2821;Clifford T. Cupples;;
2822;Pamegyric;;
2823;Fernando;;
2824;Anne St. Cyr;;
2826;Daniel M Riley;;
2827;June;;
2828;Shelby B.;;
2830;Zeroinlyndon;;
2832;Paul Jordan;;
2836;Momma Knows Best;;
2838;davona Moore;;
2839;David B.;;
2840;KF;;
2841;Joseph C Garoutte;;
2843;deborah jameson;;
2844;Sandra Bearden;;
2845;3947;;
2846;Kidzbiz;;
2847;Curd;;
2849;ISA3162;;
2850;bjsmommom;;
2851;Lindsay123;;
2852;lmmfav;;
2853;Sweet Kitties;;
2854;frostypunkin;;
2855;ijuanitmo;;
2856;kanessadoharry;;
2857;Mary C;;
2858;j1;;
2859;dmurdock;;
2860;Farm wife;;
2861;Sarar1234;;
2862;mosielicious;;
2863;AlexSWFL;;
2864;Pearls Forever;;
2865;walter;;
2866;JiminNY;;
2867;lillywood;;
2868;Mastiffmom3;;
2869;Captain B;;
2870;kedf;;
2871;mkm;;
2872;vandewater;;
2873;skatardrummer;;
2874;yrcwarrior;;
2875;Luvnlife;;
2876;bamya;;
2878;bb-fl;;
2879;Worldfabulous;;
2880;Office Soop;;
2881;Jewelry Queen;;
2882;sassy567;;
2883;whatyousay;;
2884;backer;;
2885;Cablegal;;
2886;Rosie6583;;
2887;Alexandrite;;
2888;teddybear2;;
2889;RightAway;;
